seed,states,train_total_log_likelihood,iterations,last_log_likelihood_gain,iteration_limit_reached,numerically_acceptable
7,3,-8113.203345844969,30,0.0008580412777519086,False,True
21,3,-8113.20330915407,34,0.0007736218485661084,False,True
42,3,-8113.203169272257,120,0.0004965315965819173,False,True
63,3,-8113.203171871925,34,0.0004998903486921336,False,True
84,3,-8113.203283017292,29,0.0007286334539458039,False,True
7,4,-7540.958385252745,82,0.00041213126496586483,False,True
21,4,-8111.9277742208415,145,0.0009952557757060276,False,True
42,4,-7695.305685996529,37,0.0005298177475197008,False,True
63,4,-7695.305729719027,32,0.0006838741937826853,False,True
84,4,-7532.24498888704,130,0.0007635492520421394,False,True
